Node 0,Node 1,Node 2,Node 3,Node 4,Node 5,Node 6,Node 7,Node 8,Node 9,Node 10,Node 11,Node 12,Node 13,Node 14,Node 15,Node 16,Node 17,Node 18,Node 19,Node 20,Node 21,Node 22,Node 23,Node 24,Node 25,Node 26,Node 27,Node 28,Node 29
6.366109,6.2604384,6.061088,-6.6210594,6.268788,6.412839,6.065345,-7.059025,6.2374415,-6.410695,-5.9579616,-5.8850265,6.5525546,-7.33326,-6.424059,7.271101,6.100564,-0.118155934,-6.8232245,6.1827626,-6.10421,-6.4144406,-6.4148254,-0.29904452,6.300847,-7.1840124,6.097203,7.1493115,-6.3887296,7.37442
0.15638655,-5.2576146,6.0160465,-5.9727674,-6.0481243,-3.1896849,6.0396843,-2.4884765,-6.014338,-4.839528,-6.110985,-6.3550024,-6.4532228,-6.4838543,-6.029787,-6.074437,-6.0013638,-6.3705235,-6.2631288,-5.8321085,6.050324,-6.311259,-4.3005633,-5.869034,-6.1597295,-6.244203,-6.095853,-6.3121114,-5.66804,-6.385645
-4.3903008,-6.1052775,6.089584,-6.3543496,6.4656544,-6.108042,6.038099,6.489406,5.9855065,-2.5269837,5.8792734,-6.534072,-6.9937053,-4.7527804,6.0439205,-6.6725774,6.2956142,-6.12637,-5.4526396,-6.079259,6.287799,-5.117935,-5.8870764,-6.6563206,-6.39865,-4.026374,-5.9247756,6.17376,-5.3646083,-4.1881747
-6.568902,5.921255,5.98433,5.965637,-5.931257,-6.458301,6.031852,-6.2126026,5.9612236,1.0322438,-5.097194,-6.8746967,-5.6621046,-1.2986082,6.2794795,6.149661,-5.9998446,-6.5256886,-1.1429564,-5.9839625,6.2291512,-1.4858195,-6.40597,-5.8153543,-6.133809,-6.2850933,6.014377,-4.9570484,6.515927,-5.882552
6.6330614,6.5964055,6.0354652,6.080199,-5.9127336,-6.633154,6.0284986,-5.828297,-5.974565,-6.3848424,-5.2197714,-6.4586,-5.74833,5.996181,6.8657546,-6.3660793,6.136236,-4.8561764,-6.8838696,6.126751,-7.250832,-5.208045,-6.6278205,-4.910479,6.2463417,6.324382,6.2590175,-6.4071746,-6.2891984,6.364361
-6.116115,6.0165124,5.999333,-6.551845,6.105691,6.014462,6.0779824,6.20662,-6.3924675,6.367888,6.4095182,6.1199236,-6.492434,6.458923,5.978944,6.0011077,-7.7377205,6.8368697,6.5991435,-6.7648826,-6.047467,-6.6643314,6.032357,7.9920254,1.2471025,6.1460576,-6.1015086,5.6101418,6.2858725,5.9829087
-7.595239,-6.59704,6.022735,-6.100272,-6.0637817,-6.363129,6.0505037,-6.620291,5.9772496,-6.68337,1.6053946,-6.3976245,5.9485564,-6.5367513,6.416318,-6.1629815,6.0117826,6.033149,-5.8854885,-6.148627,-6.930203,6.253026,-6.391125,-6.296701,5.99813,-6.5096483,6.088564,-6.3482056,6.71294,6.5524006
-2.6346147,6.98221,6.0249314,6.0136304,-6.1085644,-5.783351,6.0325365,-6.417123,-6.111159,-6.574054,-6.3929257,-4.975783,-6.1170983,-5.330691,-5.95361,-5.6623588,6.8109627,-4.816521,-4.2653317,-5.999865,6.5800004,-6.0375133,-7.4146137,-6.4646673,6.5229383,-6.191226,-5.8748703,-6.024427,-5.7036448,-6.1266947
6.183492,6.300214,6.048338,6.1904645,-6.2682037,-6.431086,5.992382,6.231551,6.040855,7.041186,-6.2119975,-6.15895,-6.472742,-8.163177,5.9902687,5.996088,-6.1487713,6.1572037,-7.2476873,-6.163302,-6.1551633,6.150724,-6.45802,6.382306,-7.1075225,-6.6379395,-6.089949,6.522382,6.133721,4.815408
-6.25914,6.0054083,6.005464,-5.9869704,6.1441374,-5.819583,5.990098,-4.5950527,5.971118,-6.166572,-5.2790747,-5.494653,-6.3147793,-5.240919,-6.092712,-4.1007247,-5.8849664,-4.6181517,-6.219368,-6.094647,6.0151887,-6.6393247,-5.9208813,-6.30598,-4.8943996,-5.4573455,6.065028,-4.7023873,-4.313868,-5.6143723
-4.610254,-6.2502265,6.0212183,-6.1097326,-6.149918,-5.313241,5.956432,0.44924864,-6.18973,-0.2407364,-6.2032714,-6.5405784,-6.3317676,-4.9070005,-6.149864,7.436921,-6.1637206,0.6096122,-0.4277402,6.22872,-6.1634626,-6.30986,-6.104917,-6.1137366,-6.501681,-6.4326754,-6.0981584,-6.2209296,-6.8115807,-0.33018866
6.1100926,6.0578337,6.018251,6.004576,-6.2239876,-6.20395,6.0942817,-6.440069,6.541126,6.3741474,5.928162,-5.989982,-6.182314,6.071065,6.4324055,-6.4283915,6.4955673,7.1556263,4.3309197,-6.187589,6.132999,6.457449,-6.248685,5.9795127,-7.354409,6.164262,-6.0611024,-6.4320006,-6.454776,6.3088784
6.0403566,6.6539946,6.034621,-6.053545,5.9143443,-6.9725246,6.0296855,-6.40078,-6.0182304,-7.2337837,-6.701074,-6.3849773,5.963094,-7.203162,6.0426874,6.0233073,6.0677958,0.09952817,7.485683,6.4166594,-6.1536083,-6.467492,5.7636113,-6.408098,5.089336,-5.5730243,-6.0961995,-6.796549,6.1820717,2.015879
-6.3776603,6.2998276,6.085546,6.1783447,-5.9902544,-6.5005198,6.060439,-6.924272,5.9919934,-5.7603955,-5.601322,-6.799753,-5.246283,-5.447511,6.0891366,-6.2777843,6.391238,-5.4557385,-6.0564923,6.0544915,6.208743,-5.9325113,-6.369686,-6.0263553,-5.5690055,-6.3090205,6.024203,-6.420364,-6.407714,-6.44642
-6.8477926,6.6382947,6.009682,6.0240545,6.1791453,-7.013933,6.079247,6.1307354,6.151644,6.422329,-6.174803,-6.0807834,-6.5837226,7.007769,6.1290855,-6.3097963,-6.066804,-6.830724,-7.105142,-6.288072,-6.049298,-6.440459,5.9089365,6.310461,-6.6811047,6.6630855,6.0599,7.3911724,0.02341747,6.4954166
-3.4689965,-6.2100124,6.0317297,6.0639167,6.5110493,-6.564472,6.0235977,-6.704784,-6.1735125,-6.379707,2.0678918,-6.282515,-6.6601505,-5.989153,-6.102045,-6.957691,-6.1038103,6.4858546,-6.507942,-6.1254587,6.0958085,6.14451,4.7105217,-6.2861123,-6.4050035,4.1817513,-6.131258,-6.405413,-6.255812,-6.6641083
-6.7793984,-6.1082964,6.025101,-6.3847914,-6.1074686,7.0865335,6.0924544,6.9825816,-6.347514,-6.221456,-6.5749025,5.985365,-6.6038218,-5.535758,-6.7423177,-6.4626436,6.211713,6.688489,-6.3580484,6.0744205,-6.0790224,6.8239555,-6.5394096,6.775252,6.418521,-6.979265,-6.1935563,-6.6140485,-6.479731,7.3545766
-6.047523,6.0299797,6.0058002,-6.564123,-6.238999,6.1142993,6.0676274,6.192808,-6.1747484,-6.0726695,8.02165,6.0110726,5.404175,6.258002,6.156343,-6.4585285,6.3770165,-5.311001,-6.3596573,-6.0563316,-6.1039567,2.9137518,-6.285226,-7.845381,6.8213377,-6.689622,-6.157488,-6.716379,-6.550182,-6.3345275
-6.2166915,-6.2307467,6.0230865,-6.9782705,6.374586,0.58988464,6.028627,-6.3664703,6.0414777,-5.478475,6.270694,6.09127,-7.1242914,-5.999167,-6.1770344,1.1126889,6.2594504,-7.3315535,-6.343009,6.1345196,6.1598487,-6.824813,-6.6824365,5.957921,6.431349,6.7393684,-6.036317,7.3434153,-5.7422,6.6892624
-6.4923196,6.5520854,6.019416,-6.0795164,6.0711255,2.2709703,5.9399343,-6.4838343,-6.2874866,-5.4864926,7.266282,0.5316482,-6.3624763,-6.7103915,6.042523,6.486205,6.142275,-6.4093585,2.8401055,6.0041666,6.0427337,-6.4722595,-5.9750133,3.0478292,-6.7203455,-6.488526,6.543849,-6.517906,-6.4032035,6.827318
-6.152645,-5.896386,6.007961,-6.164876,6.1273837,-6.5137367,6.1123466,-6.379343,6.1444554,-6.205167,-6.344026,-6.3438354,-6.415068,6.389216,-6.0876284,-6.367009,-6.255226,-6.2425694,-6.860346,6.5999517,-6.1671963,-6.3039403,-0.110858366,-6.36621,1.3610103,7.342217,-6.1139083,-6.9604363,-6.3213496,-6.9843554
-6.2526646,6.1233287,6.112373,-6.21266,5.997696,6.5988126,6.078675,6.1078467,6.0798674,-6.1928644,-6.2334456,6.2488904,-6.326931,-6.7550917,6.2358365,6.3564987,6.7485642,-6.0649734,-5.0888777,6.0227685,6.447475,-6.93798,6.3303633,6.413511,-4.446672,-2.6300194,-6.4109497,-6.28687,6.4890165,-5.8933353
-0.9276116,-5.9440517,6.027233,5.985585,-5.9990845,-6.157079,6.052474,-5.7551703,-6.0356894,-4.951868,-2.8346784,-5.7244763,-5.7308574,-4.8319993,5.9723563,6.0128307,6.096525,-6.420901,-5.6805725,6.0324616,-6.114227,-6.379464,-4.667799,-3.3867629,-5.9676914,-5.9003444,-5.887099,-5.515251,6.04854,-6.8269715
-1.1747125,-6.1869946,6.0088973,-6.0444045,5.932195,-6.313235,6.118332,-5.8420215,-6.278501,-4.31829,-6.2803082,-5.768308,-1.7117739,-4.0935326,-5.853268,-4.5389442,6.1940937,6.4767547,-5.1560383,6.2818837,6.4535527,6.4357324,-6.410402,-6.493344,-6.1549177,-6.6554713,-6.0954,-6.373147,-4.445161,-6.4207425
6.314789,6.2537374,5.9702225,6.039699,6.3920527,-6.166765,6.0273204,-5.3139634,6.1705303,-6.8984036,1.0794277,-6.2858934,6.3484282,6.386614,6.4763503,7.167282,-6.2354755,-6.5820866,-6.4952083,-6.110242,-6.168476,-6.6923776,6.1414747,1.2730124,7.0669055,6.8639565,6.1639147,0.4433993,-5.731591,7.0395117
-6.370813,-6.5256,6.068375,-5.576486,6.237874,-6.463309,6.0374837,-3.7871346,6.03404,-6.3652773,-3.8249376,-3.7810462,-5.644013,-5.9108415,-6.67033,-6.157529,-6.158067,6.4296875,-6.291836,-6.230683,-6.1920156,6.160658,-6.3713365,-3.707107,-6.3123302,-6.1069593,6.2784386,-6.2394986,-5.7802486,-4.352598
-6.3856,-6.277347,6.009249,-6.102625,6.057846,-6.334696,6.0219207,5.7946277,-6.0441756,-5.446495,-0.11261214,-0.5612656,0.128252,-7.387725,6.239114,6.3821054,-7.9319916,-6.4056396,7.5550323,-6.2054834,-6.1825438,-0.7752642,-6.3670864,-6.354856,7.0840497,-6.3687696,7.533581,6.3205385,6.500406,1.0040258
6.2952423,6.1856194,6.064957,5.929248,-6.2955866,6.361857,6.0265374,-1.1999978,-5.7825093,-6.6372128,-5.8279057,-6.5263877,-4.068121,-4.2568784,5.995104,-2.2615445,-5.9397163,-5.013469,-6.921445,6.397154,6.0052752,-4.615992,-6.282896,-6.0994763,-4.6231637,-4.8268933,-6.0844035,-6.1886497,-6.666656,-4.0270925
6.070854,-6.0371203,6.0134096,6.1462092,6.1816463,6.5284314,6.0659003,-6.762519,6.343685,6.396778,-6.3628774,-6.2792077,-6.142103,6.232271,6.2587924,-5.2007604,5.9616723,-5.2967687,-6.069073,-5.9261975,-6.1499686,-6.6590333,6.2123833,-6.324679,-6.1653576,6.3334174,6.1648436,-6.368997,-7.1347914,6.2625356
-5.4622545,-6.000235,5.96807,5.981317,-6.05929,1.377099,6.072531,-6.088337,6.066319,-5.61089,1.9581711,-4.2909064,6.228067,0.44905797,6.185897,5.045878,6.081033,-6.2048573,-5.3533945,6.234465,6.221634,6.150484,-5.206554,-5.1987796,-6.578843,-6.5629625,-6.052106,-6.462502,3.72456,-5.6917906
-6.0511813,-6.019718,6.0723314,6.348639,6.1989837,-6.308727,5.9618807,-6.5091505,6.17788,-6.7749395,-6.492188,5.7832565,-6.43211,-6.8883977,5.982471,6.082786,-6.0818768,-6.5819607,6.833055,6.052836,6.0831265,-6.8295565,1.9663898,6.8712187,-6.8675513,-6.7098446,6.052605,-0.24833824,-6.0303974,5.6214995
-6.3112364,-6.123821,6.018988,-6.129773,6.0488477,-6.266432,6.005863,-5.871681,-6.0694,-5.613327,-6.455495,-6.4353714,6.15444,-6.129909,-6.004511,-6.236548,6.1723933,6.355465,0.37309036,6.0346766,-6.113408,6.069536,3.1842635,-6.384905,6.3409066,-6.388067,6.100669,-0.082926765,-0.40968952,6.253687
-7.090598,-6.8408313,6.0448666,6.262987,7.7301207,8.162808,6.059871,-6.392472,5.9933643,-6.717476,6.581329,6.0280304,-6.3687716,-7.414669,-6.0423875,-6.300378,-6.098616,-0.026459618,-6.2653413,6.349465,6.079231,-5.2147202,5.9608707,-6.29425,6.4959216,-6.379146,-6.2052264,7.2272067,0.92380947,-6.7960024
-6.4030046,-6.1782413,6.00082,6.2177696,-6.1082587,-6.1064215,6.138714,-6.3455625,-6.2009964,7.256482,2.028817,-5.938099,1.4010862,7.5444016,6.6423383,-7.405219,-6.074518,0.5965315,-6.799655,-6.9466662,6.3081555,-6.357584,-6.3574295,5.1563935,5.778404,7.526788,6.2772355,0.5653471,6.0299034,-7.239853
-7.0903807,6.847349,6.0366974,5.9510837,6.119265,6.0782776,6.022414,-5.650032,6.265702,-6.7983747,-2.824539,-2.823745,6.3272147,-5.7986927,-5.911348,-6.257634,5.9871345,-6.8573446,-6.312211,-5.89855,6.2078624,-7.0199647,-7.219025,-6.180696,-6.323134,-5.9195013,-6.103182,-6.4548616,-6.044232,-6.6059065
-6.355775,6.298584,6.0318336,-5.8115597,6.30441,-6.412706,6.0214663,-4.7384033,6.1246147,6.0393457,-3.8341622,-2.2810295,-6.475014,-5.734193,6.11487,-5.106657,-5.9068933,-6.6016192,-5.3393593,-6.110077,-6.7973413,-6.098178,6.4856186,-4.684242,-5.8118224,-6.499334,-6.4867115,-6.022232,-6.7786946,-6.2757254
-6.345376,6.371496,5.982863,-6.0146785,-6.1202927,-6.5240707,5.9922757,5.919869,-5.967834,6.2457466,5.9501343,-6.0603886,-6.4705267,5.8852005,-6.2651663,-6.7562585,-6.1891594,1.3799978,-6.1888456,-6.1336823,6.206839,-5.913247,5.90134,6.346914,-0.451932,1.3615814,-6.095826,-6.6079397,7.1126847,-6.425266
-7.5123887,-6.890817,5.9946895,6.223711,-6.203201,-7.744774,6.0803638,5.9216123,-6.2274585,-6.5860796,-6.317429,-6.4340234,6.983695,-6.7665787,6.3033066,-6.907923,6.061113,6.4713783,-7.056033,6.2840147,6.1540904,-6.810173,7.6631575,6.6660066,5.319846,-6.4242115,6.2377086,-6.428367,6.2271147,-6.664154
-6.515424,6.4858985,6.0245748,-6.097007,6.066478,-6.570012,6.043892,2.9137244,6.6719136,6.789002,4.1527767,-6.2514963,6.374485,-6.7720695,6.1763487,-6.307056,-6.17032,-7.774496,-6.6616206,-6.11088,-6.103586,6.2237954,-6.6135955,3.5155587,-6.4362087,-6.628309,-6.558921,-6.582345,5.144774,-6.3380837
6.0861306,-6.2734704,6.026385,6.206981,-6.5398474,-6.14072,6.027999,-6.305395,5.8529325,5.994643,-6.3994627,6.1555,7.2986093,5.84813,-6.033378,6.5671678,-7.125384,1.3598999,-6.018068,6.0490017,6.4421473,-0.745173,6.0666447,-6.330938,-6.5991416,0.42850012,6.269857,6.046189,-6.4567976,0.7331647
-8.094926,-6.77986,6.029109,-6.518432,-6.061471,-7.1804714,6.0722566,5.958927,-6.1090326,7.0419903,6.2964764,6.019055,-6.1595697,6.570215,-6.0554767,-6.15771,6.121843,6.348756,6.112106,-6.1644015,-6.2444615,-6.3497205,-7.3647723,6.0181665,-6.3356447,6.8862405,-6.129208,2.7378373,-5.9387426,-6.8113623
-6.584109,-5.668712,5.9947577,-5.863011,-6.1594205,-0.5809136,6.011618,-6.4323063,-6.0091176,-6.044286,-5.585547,0.6863929,-5.8541284,-6.989223,6.072192,6.297814,6.134833,-6.4262033,7.6434646,6.1655736,6.1231227,-6.413638,-5.6636863,-5.9693437,-6.4907126,-6.506789,6.2352495,7.5020037,6.067198,-6.475331
5.383888,-5.9463096,6.02682,6.1830044,6.4377956,-5.8321257,6.065289,-6.134303,6.098416,-5.0760484,-6.3197303,6.3903184,-6.7504497,-6.3186684,6.393651,7.196306,6.1534333,2.248664,6.814652,-6.11549,6.376376,-7.012306,-5.8671565,5.847099,-6.772305,-6.431322,6.0939784,-6.2392974,-6.897094,-6.5645504
6.933054,6.659155,5.986681,6.1046543,6.281182,-6.731978,6.0375137,-6.1452184,-6.101778,6.89035,0.8174615,-6.379426,7.443308,6.259251,-6.3440175,6.6337943,-6.22447,-6.0080338,-6.964004,-6.090035,6.181304,-6.749093,-6.813696,-5.994563,6.602305,5.0455146,-6.1633797,-6.768568,6.698067,-6.74916
-6.323513,-6.13678,6.0695443,-5.583382,-6.1659164,-5.456201,6.0115204,-3.8296304,6.046347,-6.3811126,-4.728137,-4.904679,-6.452161,-4.3299265,-6.0395885,-6.4540586,6.0916724,-5.9742217,-6.035183,-6.1702504,-6.084168,-1.4829789,-5.862386,-4.8663173,6.290029,-4.5497556,6.290284,-5.483856,-6.096913,-4.889309
-6.0484643,6.082721,5.9998493,5.917611,-5.9521713,6.1377735,6.076792,-5.300888,-6.147573,-5.9012446,-5.5564256,-6.633049,-4.67786,-4.225445,6.3916883,-5.9996815,-6.9563003,-6.3272614,-4.652527,6.3030105,6.062925,-4.703732,6.4392343,-6.879971,-2.5698175,-6.1583605,6.032822,-6.0730276,-5.5793285,-6.3984365
-6.1862984,-5.940514,6.0384126,6.3038044,6.0392466,-6.298204,5.989865,6.1656823,-6.184284,6.9947324,6.1681857,-6.397073,-4.600573,6.1708837,5.952972,-5.6345353,6.1664643,-5.3062606,-6.3526907,5.9364076,-5.9052205,-4.1536517,-4.5179763,6.146508,6.339826,6.5085797,-6.1047482,-4.7644954,-5.7247033,6.04052
-2.843335,-5.3558745,6.025627,5.9166446,-6.155089,-4.6557236,5.999445,-4.8127866,-6.0978203,-3.8165936,-0.59009045,-6.4433327,-6.3456354,-4.8777924,-6.047788,-5.4318213,-6.2033277,-6.3854384,-5.6219454,-5.826397,6.6945186,-6.227464,-4.519128,-6.6328435,6.2963786,-5.7788877,6.192776,-5.2893124,-5.824525,-6.36648
-6.764942,-5.9161396,5.999373,-6.2767105,-5.855082,-4.9388776,6.004304,-6.3557177,-6.0679545,-6.18648,-6.341673,-5.4672117,-5.6457953,-5.953302,5.9635096,-5.6796284,5.8802795,-6.0289044,-4.7512546,-5.952382,-6.09603,-4.6591067,-5.9051237,-6.432019,-5.2356186,-6.424806,-5.9981017,-6.3623447,-0.8243243,-5.891721
-5.930627,5.973577,5.9694934,5.996106,-6.100679,-4.5837607,5.9813194,-5.6677566,-5.9811406,-5.818818,-6.0377364,-6.0560384,-6.4886637,-6.162457,-6.016241,-5.5084205,5.99325,-5.104976,-5.027093,6.2916403,6.127472,-5.3849206,-5.203548,-2.3700178,-4.2681828,-2.666184,6.1099186,-7.057928,-5.0290103,-6.487932
-4.688624,-6.0838346,5.992356,-6.1434894,-6.6246076,-4.7868824,6.0137296,-5.9534245,6.154487,-6.37392,-3.0366354,-4.2794724,-2.5578265,-6.6436825,6.079635,-6.957339,6.0406103,-6.229075,-5.8191953,-6.0465384,-6.074661,-6.3588166,-4.5597343,-6.2722692,-6.350148,-6.132237,5.9887815,-5.7539377,-5.83615,-4.8889976
-6.6529136,6.8230743,6.031918,6.159616,5.8638563,-6.223616,6.0275164,-6.345281,-5.9789143,-6.273625,-6.6307077,-5.544715,-1.0867159,-4.972025,-6.1099443,-6.445186,6.1168914,-4.766822,-5.501581,6.2674193,6.0369534,-5.5362535,-5.0007815,-6.3328967,6.1363835,-6.9422317,6.13604,-5.667003,-6.322472,-6.415941
-3.1062195,-6.0145516,6.0334,-6.1277003,5.987545,-0.25723484,6.0248003,5.913969,6.0613046,-4.834952,6.27596,-6.2936707,6.061174,0.60195893,6.0291047,6.003239,6.458178,6.1685543,-6.4428368,-6.0961585,6.1650333,-6.0797415,-5.9502645,6.0454497,-6.488497,-6.5337467,6.6659307,-6.3654675,5.9962735,-6.6850233
-4.9302664,6.392041,5.972251,6.0740857,6.24057,-7.032327,6.1005335,6.469816,6.0501294,-6.551629,-6.128315,6.499719,-6.0131927,-6.177598,-6.1832066,-5.857838,-6.228573,-6.291616,-5.6493726,6.248911,-6.01706,-6.378916,-5.4408317,-6.24417,-6.2946553,-6.352447,6.0609717,-7.3803806,-6.029263,-2.7677262
-6.1970243,-5.9218874,5.988592,6.0212584,-6.1714683,-6.106184,6.028889,-5.743087,5.8118825,-6.369627,-6.1527095,-4.092135,-6.2753253,-5.980533,-6.1264534,-6.4455843,-6.2913947,-1.0680438,-6.2383046,-6.560686,-5.919751,-1.4526314,-6.253246,-5.770482,-6.126871,-4.92242,-6.308704,-6.3904734,-6.317338,-5.693704
6.4055576,-6.2305946,6.0196333,5.9108744,-6.171412,-6.421386,6.02887,-5.6056337,-6.2264194,6.3314457,-4.4515777,-4.2206016,-6.407732,-4.4862776,6.0345798,6.0681195,-6.0697627,-6.4303136,-6.49007,-6.079495,-6.341272,-5.5266194,6.2863674,-6.005783,-6.384591,-4.0481973,6.2349224,-5.809864,6.2077756,-3.7931619
-5.9269714,5.830453,6.080778,6.09917,-5.904965,-4.2034836,5.9771557,-6.802787,-6.0377417,-6.346314,-6.298691,-6.32799,-4.7260537,-6.4196815,6.098731,-6.3898554,6.110766,-6.3664904,-6.3329782,-6.223988,-6.144313,-6.243942,-6.559959,-6.127724,-5.6201215,-5.427822,6.0238123,-3.9208562,-6.2850895,-4.8852015
-6.431489,6.2846212,6.019597,-6.108883,6.3947687,-6.4006214,6.0751543,-6.1770945,-5.6351852,-6.967101,1.0547254,-5.726477,-5.575049,-6.0747514,-6.49196,7.7207317,-6.314515,-1.2059869,-6.3560505,6.0859046,-6.0962906,-1.0242283,-6.249137,-6.325321,6.470003,5.9656634,-6.067478,-6.3693843,6.3003755,6.3743343
6.172932,5.99309,6.0113435,6.1613617,-6.0678606,6.129624,5.984129,-6.35488,6.183782,-6.241122,-6.452943,-6.392088,6.750572,-6.9174013,-6.1130533,-6.760998,-6.441382,-6.2940674,-6.3004127,6.1208396,6.2267456,6.3159714,-6.1668425,-0.09066449,7.399673,-6.2629385,-7.596602,6.5959377,6.3644896,-6.9297915
-6.4070196,-6.331679,6.0233827,-6.4221787,-6.0187497,-6.1312594,6.079437,7.486731,-5.939104,-6.278603,7.503925,-6.577483,5.9149103,-7.1700554,6.343828,-6.5663295,-6.180684,-0.5130261,-6.5461435,6.0116415,-6.090547,-6.012693,0.20277964,-6.308296,-6.388256,7.848116,-6.122795,-6.8867264,6.4281383,6.585258
-5.8290195,-6.014386,5.9769964,6.137739,-6.08939,-5.664239,6.0308194,-6.7767153,6.0297594,-6.0282507,-6.3922977,-6.3133535,-6.456693,-5.7351174,-5.9791636,-5.8837314,-6.0419674,-5.9028997,-6.3295875,6.34127,-6.007815,-1.2715865,-5.808524,-6.2945156,-5.665101,-6.650099,6.0412803,-2.5182583,-4.1964846,-4.5375075
-6.841029,6.9434843,5.987359,-6.0730166,-6.293544,-6.96875,6.0032735,6.5650887,6.0575457,-6.917416,-6.224891,6.2038364,2.7909052,-6.0772567,6.2017894,-6.4637375,6.2497773,-6.3082285,-6.4931374,7.6668615,-6.1298275,-6.8219976,6.9508667,6.249557,-6.946237,0.49387053,6.12933,-7.2900596,-6.3991504,-6.3654995
-4.590279,-5.58297,6.0653925,5.9780216,-6.065374,-5.8291965,5.9446254,-6.136425,6.0189323,-4.092002,-7.257198,-7.0090146,-6.5513086,-6.9568696,-6.127901,6.236743,-6.091117,6.2581687,-6.1052527,-6.1119423,6.086969,0.72956586,0.1964441,0.56268156,-6.4958134,-6.577804,-6.078223,0.39724323,6.487782,-6.4647875
-6.347079,-6.1660705,6.032241,6.324587,-6.1013813,-6.337686,6.0823474,-6.5736456,6.5720186,0.7368829,6.7061496,5.837448,-6.372996,-7.9660735,-6.305638,-6.7139664,6.099572,7.4900675,-6.4456596,6.2208734,-6.1130304,6.365247,-6.295417,-6.5966315,5.974814,-6.75669,6.1777353,-6.3858676,-6.577651,7.978039
-6.102773,-6.1713524,5.970404,-6.3420324,6.1642284,-5.2766466,6.0663,6.2393436,-5.5699134,-4.7375875,6.272487,6.031124,-5.4592857,-6.256171,-6.2481565,6.4734974,6.084595,-4.354016,-6.3760276,6.4136753,6.1878495,-3.9240804,-6.5859356,6.583265,-5.52412,6.3526096,-6.527942,-5.565035,6.3455944,6.514443
-6.7075973,6.508521,5.9841294,6.0532165,-6.210764,-6.7104363,6.0283284,-6.0686827,-6.235708,6.7336454,5.95537,6.0838394,7.296342,6.2164145,-6.103498,-6.4844995,6.1147346,6.239319,-6.2749033,-6.120931,-6.115015,6.587166,-6.7414255,6.2333384,6.394279,6.208667,6.235352,7.4934993,-6.6039314,-6.217976
-6.6829305,5.946922,6.0948224,-6.04465,6.019695,-5.726111,6.024529,-4.0809875,6.1044073,-5.1152115,-4.606837,-3.9135096,-5.37007,-4.9991927,6.278292,-6.42099,6.1797833,-6.163582,-6.0843863,-6.095642,6.084853,6.151304,-5.941969,-4.3962364,-5.8693876,-4.3047366,-5.8683095,-4.9084353,-6.271801,-4.0913243
-6.8684177,-5.293279,6.0509653,6.6378646,-6.320263,-4.100735,6.031199,-7.007473,6.135889,-4.4796996,5.8821893,-7.42348,-5.0221586,-5.0949025,-5.9865766,-4.861552,-6.215336,-6.425351,-7.102237,6.0229974,6.2812757,-6.3871827,-5.8120217,5.8817735,-6.3114095,-6.0200405,7.2978506,-7.133151,-6.170415,-6.095601
-6.5027604,-6.211298,6.041821,5.9465075,-6.1239915,2.0157316,5.9913363,-6.046961,-6.099162,-4.667155,-0.32216248,-5.955774,-6.4628625,2.7492416,6.1905427,-6.6003046,-6.166564,-6.533613,-6.5558867,-6.126232,6.1864843,-6.3183265,-5.943066,-0.21052943,-7.147382,-6.4132385,-6.0593467,-6.713021,-6.305398,-5.712708
-6.309109,5.935377,6.0249767,-6.341684,-6.201272,6.0762467,6.0390296,-6.8720565,-6.08324,-6.3527045,-6.695108,-7.450754,5.4163933,-6.88393,-6.16317,-6.033279,-6.291191,6.2155027,7.192364,6.704858,6.0401063,6.3480964,6.021496,7.311293,7.5577784,-6.629074,-6.16643,7.3807306,5.3899064,-6.327671
-6.315878,6.3824162,6.0384545,6.056962,6.05774,-6.254337,6.0841184,6.28703,-6.0506225,-0.16282688,-5.9913554,5.9874353,-0.25228733,-5.688703,-6.399905,7.3335996,-6.0146866,6.2437863,-6.0056124,-6.148117,6.2984023,6.2956223,-5.8536267,5.9505105,-0.19644219,-6.8232126,6.0483327,7.107134,-7.111457,-6.247605
-6.495474,-6.231132,6.0325947,6.040554,6.004587,-5.4631424,6.0339303,-6.0785036,-6.138692,-2.5974457,6.2536836,6.1028037,-1.1880947,-6.5012493,-6.1204615,-6.279249,6.0934815,-6.0755463,-6.8280697,6.1476474,5.9663815,-2.7178042,-6.4953895,-6.111808,-5.8452845,-5.109882,-6.057669,-2.9959223,-4.3141828,-5.5201755
-6.43837,-6.0647597,6.028269,-5.978774,-6.19641,-6.386136,6.0144405,-0.80957913,5.98536,-7.0348577,-4.4784026,-3.899619,-6.376669,-4.996346,6.380783,-7.1107297,-6.142314,5.9867816,-7.3779297,-6.1486173,6.0977335,6.151452,7.0639806,-4.688931,-6.4899406,-0.98081344,-6.0950785,-6.197069,-7.5436444,-5.2688966
-6.27854,-5.9987726,6.0018325,6.5894914,6.141245,-6.395105,6.054222,5.89244,-6.102317,-6.540985,6.0190973,-7.7036786,-6.626469,-6.234154,-5.959287,-5.475613,-6.0199265,-5.7065067,-6.2776766,6.1502323,5.9831247,-4.950903,-4.9425263,-8.039429,-6.3071995,-6.2263317,-6.244654,-6.4431853,-6.04024,-6.4677205
-5.1941967,5.67278,6.0190043,-6.338644,-6.294405,-0.22430421,6.06422,-6.3629656,6.0558114,-5.722089,6.5459895,-6.832034,7.296171,-6.210199,-5.906399,-0.4097634,6.24068,6.182944,-6.757481,6.18507,-6.2565904,6.0940914,-4.5292253,-6.3622103,0.4129827,6.4695144,-6.0986114,-6.4560013,-4.6295524,6.1860495
-6.2086535,6.101455,6.0197654,6.0359883,-5.696814,-5.9142494,6.0012345,-5.614792,6.089766,-6.683842,-5.713625,-5.7475386,-4.79452,6.932521,7.09221,-5.9514403,-5.9075017,-5.9989166,6.0625386,-6.150315,6.1457877,-6.5761385,-5.8950267,-5.475053,-6.018507,-5.7127795,-6.0596395,-6.4539275,-5.90701,-6.09811
6.3051314,6.2297525,6.115431,6.690968,6.140164,-6.2047715,6.072415,-8.101225,-6.437605,6.7657437,7.35547,-6.171037,-6.8646493,7.2156096,-6.0645065,-0.05650195,6.0014787,7.8203573,-7.2553024,-6.141489,6.0610566,-7.455267,6.1733294,-6.065085,6.118475,8.352991,-6.1892924,-6.48035,-6.2262354,-7.4865804
-5.568571,5.65206,6.014351,-5.715406,6.3228374,-5.9081964,6.011161,-5.0284376,-6.0429587,-6.2641077,-5.1881857,-4.510815,-6.903164,-4.3167043,-6.0252447,-5.4256682,-6.016847,-6.300922,-6.2800837,-6.0115623,-6.1038914,-5.8028073,-3.6434982,-6.1141324,-5.9470906,-4.151759,-6.172455,-6.0023665,-6.3453846,-4.0798464
-6.1909285,6.430521,6.0244427,-6.1726923,6.612722,-5.8600554,6.0536413,6.355574,6.033201,-6.6961794,6.1029487,6.2050095,-6.348411,6.564635,-6.116348,-6.301261,-6.3235135,-6.433101,-5.0382476,-6.281695,6.0194387,-6.3977485,-6.5557456,6.0706625,-6.35283,6.097089,-6.070433,-6.147282,-6.052877,6.072176
6.1665297,6.0797024,6.086085,-6.0795603,-6.133061,-6.1456923,6.0142837,-6.6634145,-5.9951596,-6.371942,-6.236552,-6.4012365,-6.3179665,-2.7109709,-6.1860843,-6.382246,-5.690894,-6.0792885,-5.71286,6.5463266,6.211442,-4.250684,6.312642,-6.3352857,-4.473908,-6.0580573,-6.1259604,6.138487,-6.1605773,-6.301666
-5.914351,-6.0990944,6.0110307,6.069056,6.134961,5.937244,6.061152,-6.2905517,-6.411247,6.2783856,-5.8608046,5.635944,6.259447,6.356437,-6.192095,-5.806367,-6.312003,6.7865605,-6.5020394,-6.131932,-6.060662,-6.7808156,6.2551937,-6.411258,6.7861037,5.9759502,-6.075664,-7.0055175,0.6957011,6.007402
-6.233244,-5.98884,6.036149,-6.077203,5.8536673,-5.3448653,6.047704,-6.362092,6.005258,-5.3629546,-6.419187,-6.465556,-2.3921938,-7.2029185,-6.0752497,-5.2739496,-6.1406665,-4.9739466,-4.9125614,-6.187261,-6.2019815,-6.778548,-5.627049,-6.3812556,-6.4048924,-6.092715,-6.1332555,-6.4186654,-5.6619663,-6.4102
-5.0739837,-5.3419924,6.0517263,-6.052393,6.1600327,-4.109947,6.0350947,-5.200626,-6.1096015,-4.1065273,-5.5954514,-6.2450547,-5.9340477,-5.915722,6.0932126,-6.498197,6.064306,-6.1260886,-5.1428604,6.1107163,-6.06219,-5.7706256,-4.339491,-6.415509,-5.8360653,-5.101528,-5.895454,-7.0266213,-6.201632,-6.3102083
-6.2413135,6.6096396,6.028326,6.404945,6.2665677,-7.03777,6.0709724,5.8351564,-6.0923986,-6.7539454,-6.3683443,-7.016022,-7.182304,-5.5561185,6.133981,-5.7082357,6.1852946,-5.693335,-5.540836,6.682759,-5.8556523,-2.6134217,-6.5976524,-6.744684,-6.2896175,-5.849056,6.2187743,-6.450885,-6.5161266,-6.4122734
-6.455517,-6.3250976,6.0007634,-5.648969,-6.1136293,-3.6510224,6.046666,-3.6286113,5.6770005,-4.9400153,-4.163176,-4.158718,-6.390309,-4.53439,-6.0049114,-5.366218,6.115866,-1.782422,-4.0572915,-6.0712156,-6.0210996,-2.1600187,-6.060463,-3.123,-5.5142345,-6.4415073,6.4257774,-4.446742,-3.8722768,-6.32209
6.4464254,-6.389391,6.140755,-6.1518416,-6.1450386,6.408197,6.0445538,-6.152499,-6.4536085,-6.753295,-6.299419,-0.35699677,5.8903437,7.2796807,-6.09968,-6.4815726,6.222374,7.3593135,-6.878846,-6.168079,-6.155897,-6.986837,-6.1898074,-6.3993597,6.351141,6.2182193,6.2992225,5.3914385,-6.092143,-7.306936
6.199283,-6.0997224,6.040025,-5.709597,6.431694,6.6433935,5.988854,-4.2418127,-5.908272,-6.338346,-5.6070347,-4.7399225,-5.6196475,-4.927491,6.4152126,-6.744864,5.920844,-5.500862,-6.052085,6.055433,-6.1221023,-5.6640453,6.2726374,-5.221615,-3.1811671,-6.443396,5.9670343,-5.7792687,-6.9580235,-6.0184193
-5.1295877,5.7574797,6.0677853,-6.227126,6.203022,-5.662705,6.055722,-5.3731155,-5.9418283,-1.702402,-6.4816694,-6.3670263,-5.8697557,-2.293349,-6.2988353,-6.4012146,6.073366,-5.889759,-2.800446,-6.199562,-6.08599,-5.145547,-6.533129,-6.222899,-6.3700237,-6.2587667,-6.3582625,-5.5088263,-6.315162,-5.828811
-5.682651,-5.5665126,5.956405,-6.9961686,-6.148354,-4.181238,6.0557837,-6.5814385,-6.059091,-3.773396,-5.9995217,-5.919257,-4.311643,-6.261209,6.3086877,-6.0984106,-5.989486,-5.9285364,-5.751356,6.148773,-6.16764,-6.441262,-5.1666636,-6.1700783,-5.1101327,-6.4159203,-6.8153543,-6.1578255,-6.484275,-5.9865327
6.1249604,-6.2418933,6.0080214,-6.16215,5.853687,6.195292,6.078033,-3.861056,-5.958381,6.3015366,-6.3501425,-5.5035906,-4.650573,6.078599,-6.0692616,-6.3152776,-5.669251,-5.6747613,-6.276332,-5.934268,6.1955776,-5.8289766,6.406972,-6.233056,-5.1771646,-5.5333953,6.1598334,-5.7056694,-5.7809863,-1.8402979
-5.8325486,-6.0862145,6.028751,6.0774803,-6.002625,-0.061248574,6.075381,-6.1797423,-6.1673555,-6.241577,6.2236195,6.300373,5.9218593,-6.3983026,6.5210924,7.035999,-6.4705005,1.5421051,-7.2735686,-6.097801,-6.1270866,-5.1554966,-6.257154,-6.1799197,2.0317097,6.4782977,6.407614,7.2161984,-6.5709257,6.62019
-5.784948,-6.1726923,5.972267,6.013321,7.412194,-5.481604,6.032897,-6.369202,-6.1935515,-6.3040333,-6.3401814,-6.3796225,-4.004921,-5.4674296,6.2222786,-6.421089,-5.959423,-6.3023424,-4.295838,6.098181,6.3814473,-6.4202476,-4.515646,-6.304494,-4.930642,-6.1206255,-6.0119567,-6.4345636,-6.300577,-6.5410647
-6.43476,6.1684394,6.0230784,6.528196,-6.42363,-6.2053404,5.9895153,6.697498,-6.017386,0.4730102,6.626947,-6.603764,7.785719,-6.688526,6.6768856,-7.860981,6.184255,-0.4759698,-6.07427,-6.1626697,-6.1252885,-5.261205,1.6464465,-6.5575714,-6.4116073,-5.6050453,-6.169465,6.8293753,6.2468605,2.8691406
-6.6284347,-6.104701,6.0269685,-6.035547,5.9980025,-6.4473057,6.023126,-2.5140061,-6.1204324,-5.7199616,-6.8000736,-4.538539,-6.3484497,-5.593496,6.0793757,-4.244877,-6.0526915,-5.1579604,-6.165212,5.935181,-5.975459,-6.217961,-6.3479724,-6.269958,-6.4595,-6.4638057,-5.7871594,-6.9916396,-6.664557,-5.9503436
-7.1098647,6.834171,6.007186,-6.093588,-5.880874,-7.39532,5.9948206,-6.004169,-6.144744,5.838817,-6.0043206,-5.5557528,-6.535978,-5.141492,-6.0377293,-5.1435385,-6.2488947,6.4291096,-6.6865945,6.2247534,5.9488354,6.2954054,5.903851,-6.58864,-6.388867,-6.5299354,5.9784284,-6.414561,-5.000007,-5.0757637
-6.3874006,6.272762,6.0176,5.963451,-6.324249,6.672609,6.047576,-5.9608045,-6.159132,-6.804104,6.3053646,-6.799918,6.99796,-6.411235,6.168096,6.56096,-6.122761,-6.910016,-6.4110894,6.311134,-6.0569816,-6.9664354,-6.3264184,6.0901084,-6.1875753,0.68821895,6.5137744,-6.5818853,-6.323061,-6.3303137
-6.707947,-6.3061557,6.0295014,-6.0749598,-6.3086424,-5.7422247,6.035568,-6.381923,-6.477716,-6.706512,-6.020816,-6.442351,-5.420841,-5.960115,5.9666295,-6.4289384,-5.957807,-5.2493386,-2.5740628,-6.0247397,-6.097777,-6.4695883,-2.8461082,-6.3631988,-6.756586,-4.843935,6.498937,-6.325609,-1.8708271,-6.1946197
-6.066738,6.721201,6.0254717,-5.9551797,6.5273237,6.9674706,6.110859,-5.3160024,6.326557,6.973721,-5.02293,-0.7093671,-7.475682,-0.19475791,6.1368346,-6.389932,-6.0839148,-6.323516,-5.9890537,-6.2579904,-6.0581784,6.589032,-6.6051264,-5.6409664,6.261384,-5.7314167,-6.2251945,-6.4387207,-7.3447905,-5.5780373
6.003316,6.0189066,6.0399194,-6.0416,6.09786,6.2508683,6.0834813,-6.252371,-6.56434,-6.0745354,1.3524983,-6.342237,6.355184,-5.8063226,-6.117227,-6.4380236,-6.351339,-7.249124,-6.5336795,6.3948135,6.108368,7.4880414,6.0343533,-6.265331,7.1530743,-5.7704134,6.092203,-6.3389235,3.18766,0.42480996
-6.402243,6.2891455,6.039617,6.07789,6.388903,-6.247911,6.1110287,6.166188,-6.051436,-6.390037,-6.4342785,0.5473618,-7.233887,-6.441692,6.1889143,6.3644676,6.0309653,-6.2982507,-6.7461133,6.1009965,-6.122341,6.059226,-6.7871594,-6.300342,0.91388595,-6.5875325,-6.2104907,6.635936,6.418359,0.74709326
6.2716675,6.2539682,6.0288787,-6.0492506,6.3544164,-6.2825675,6.001006,5.7218466,-6.4536138,5.9151073,-6.1292534,-6.5658946,6.4938383,5.892544,-6.273547,0.6612947,6.5365133,-6.7925663,5.8048134,6.094601,-6.1023602,7.1510715,-6.361387,-6.3145103,-7.3140254,6.3053775,-6.1241674,-6.3693686,-5.9084997,5.9401736
-1.2384846,-6.1474853,6.0268035,5.9146047,-8.014022,-6.3976884,6.0361505,-4.597363,-6.169841,-6.437158,-3.7898996,-6.0602565,-4.9385147,-5.386925,5.961926,-6.7155633,5.8561025,6.061617,-6.278891,-6.3363786,-6.0040827,6.433335,-6.3709707,-1.3497803,-0.60444134,-5.9023085,-6.12719,-5.9697943,-4.4542737,-6.1864424
6.1977415,-6.151097,6.0807724,5.8709235,6.3252673,6.156274,6.0371933,0.3316006,6.2336617,6.0451784,-6.1962523,-3.3920386,4.6359625,6.150264,-6.4089055,-7.237359,6.2857533,-6.4529495,-6.2210994,6.356581,-6.135378,-6.8323703,-6.1173754,-5.2720566,6.4728384,6.38963,6.14909,-2.3679206,7.730564,6.262599
-6.5222898,6.3520594,6.0209055,-6.1128287,6.0116687,6.321848,6.030919,-5.131577,6.297704,6.2964034,-6.8600063,-6.330556,-6.935124,-7.4599977,-6.053593,0.8656859,-7.3271155,6.737545,6.9114146,6.054304,-6.0519934,-6.5164127,-6.464941,4.9326296,-6.360554,7.704079,6.139881,-5.967703,-6.3691635,-7.0657454
-6.782405,-6.295069,6.024774,-6.109023,-5.9133706,-6.2655954,6.0521207,-5.2143483,-5.9405746,-2.7026496,-5.2563915,-2.5712562,-6.046882,-5.9729967,-5.703461,-4.883842,-5.9898505,-6.0234146,-6.635027,-5.907792,6.436339,-5.7233253,-4.8668895,-6.259234,-6.420646,-3.85916,6.103933,-5.208797,-4.055763,-3.9665666
-6.316914,6.2622128,6.062097,6.5506344,6.1729608,-6.3395348,6.0230293,-5.1410255,6.026889,6.6190195,-4.5599055,-6.4749804,-6.253599,-6.3520055,-6.0622993,-5.0981307,-6.0352654,-6.412579,-6.911586,-6.0778136,5.957507,-6.3069324,-6.091648,-5.6262364,6.3026314,-5.734227,6.0374417,-4.968906,-6.258797,-4.4021525
-4.5257006,-5.4142094,6.074376,-6.3224115,-6.4372315,-4.3993425,6.048002,6.6403093,-6.409646,-3.918931,-5.6032543,-6.240841,6.9658456,0.42106023,-6.117298,-0.36892298,-6.0728855,-6.881884,-4.871396,-6.1140685,-6.0911927,6.878702,0.369627,6.680048,-6.3385663,-3.4750621,6.132312,6.6553545,-6.5252767,-5.08166
-6.782942,-6.291372,6.0710077,-6.2021885,6.425588,-5.29945,5.981072,6.1782527,5.918382,-6.585245,-7.0488386,-6.122643,7.0018387,6.4514647,6.7616076,0.18941224,6.15447,-0.37392816,6.6905923,6.0796704,6.133111,-5.0503135,1.782248,-2.4745772,6.265324,6.3380394,-6.1483035,6.6795936,-6.0136247,6.254047
-2.0201328,-5.5745826,6.000652,6.178746,-6.1504188,-4.0169845,5.9469795,6.011031,6.1108503,-5.068877,6.4057374,-6.168947,-5.543362,-5.739366,6.2350802,6.332486,6.249706,6.13454,-5.9140043,6.040128,6.0694017,6.323077,-5.9238014,6.1493917,-7.0702915,-6.4678273,6.0831213,-2.5989983,6.39771,-6.334585
-5.3683286,-6.3755603,6.0920773,6.0510554,-5.95109,0.75489074,6.041404,5.97848,-6.050037,-6.376057,6.001416,6.3989086,0.15149498,-6.0196476,6.089105,0.35691062,6.250863,-6.420418,-6.8535633,-6.124752,6.2346106,6.797831,-6.4166036,6.1169987,-6.6718955,-6.373175,-6.0954847,6.3049746,1.1915382,0.6238927
-5.8302336,-5.6251736,6.00255,-6.0565767,-6.100911,-4.9844985,5.9952106,-6.449629,6.282136,-6.550537,-6.1724777,-4.088942,-5.4875636,-5.208864,6.2200546,-6.590366,-5.953437,-6.4146156,-6.17498,6.071805,6.07568,-6.2766933,-4.922731,-6.384611,-6.406053,-6.292287,-6.117442,-6.2606096,-5.938803,-6.36421
6.5612307,6.434826,6.0207477,-6.0581813,6.0073223,-6.5776057,6.0277686,-6.2477117,-6.071442,6.316306,2.1273572,-6.378117,6.0304623,-6.6785154,-6.051473,-6.5174427,6.202582,-6.229883,7.364665,6.20518,6.186087,7.2696977,-6.5805306,-6.484096,6.5138392,-6.627556,-6.17033,5.344458,-6.467698,-6.32346
-6.497908,6.0909915,6.0053606,-6.441856,5.8592477,-5.492965,6.0597744,-5.9010286,5.9617567,-6.2802916,6.198939,6.301838,-2.6515882,-6.283372,-6.102819,-6.311213,5.94722,-0.39456272,-5.345488,-6.100195,-6.120927,-6.325433,-5.9127283,6.3803654,-5.9266076,-5.1855607,-5.976826,-3.8767323,-3.759614,-5.575619
-5.9694166,-5.9591994,6.0429907,5.940409,6.0385957,-5.403501,6.060597,-4.974861,-6.067263,-3.301606,-6.0285196,-6.488378,-6.4112234,-6.3336115,-6.0521154,-6.674962,-6.016695,-6.4238296,-5.7295403,6.2232966,6.5265245,-5.855655,-6.2413588,-4.1873507,-6.439492,-6.480914,6.031425,-6.4278564,-5.809191,-6.317096
5.990485,-6.073001,6.0625005,-6.1518593,-5.7352996,-6.2847104,6.047632,-5.867597,6.1497087,0.3253156,-5.770756,-6.2956505,-4.152114,6.1354485,6.125612,-6.9984474,-6.1758943,6.327233,-5.6045513,6.1209645,-5.956206,6.330631,-2.010084,-6.296282,-6.437753,6.25875,-5.9917083,-4.2028265,-5.5643644,-6.0745363
6.1007843,6.0340276,5.969474,6.1978884,6.1542044,6.5161633,6.003945,6.206941,6.1521597,6.0498457,-6.3561935,-6.4783344,-6.198365,0.06060074,-7.0301075,6.0899534,6.5828257,6.5354333,-5.702602,-6.238668,6.016305,6.324254,-5.9596367,5.995137,-7.5583982,-1.9504366,-6.3306985,-1.8060194,6.5324044,-5.094319
-6.3790154,-6.4615393,6.0580983,-6.0757565,7.029533,-6.413938,6.0465174,-6.4299564,-6.07627,-6.35877,3.0758088,-6.3638816,4.1452684,-6.3787203,6.0589485,0.2827216,-6.1997,-6.388898,-7.204805,-6.1726723,-6.164098,6.628929,-6.627267,-5.5338044,6.9092107,-6.3926797,-6.1182785,6.399187,0.03249515,-6.487794
-8.027533,6.9275985,6.000724,-6.007494,6.3159943,-6.1239357,6.0507684,-6.411388,-6.0219164,-7.891303,-6.4212055,6.559876,7.1774025,-6.391201,-6.366115,-6.512219,-6.0360594,-6.748759,0.45187545,6.1857567,-6.1872964,-6.520118,-6.0012746,-6.390758,-6.600003,6.5093546,-6.107868,-6.4713945,7.115543,-6.300166
6.3000116,6.1928644,6.114696,6.601101,-6.045134,-6.7083564,6.015077,5.928884,-7.379031,6.146066,-7.7107987,-7.5710006,-6.474651,-4.4477363,6.1903696,-6.5412583,-6.0718794,-6.422566,-5.0788455,6.309784,-6.051608,-6.438774,-6.379464,5.9614463,-6.3465476,-5.773685,-6.947267,-6.535111,-5.5892963,-6.2980576
-6.3902445,6.399087,6.0205293,6.4260225,5.943545,6.4006176,6.112045,-6.7283072,6.0410047,6.472213,-6.745978,5.910832,-4.2668476,6.730386,6.04558,-5.9696884,6.059475,-6.393608,6.154494,-5.9676456,-6.384672,-5.8950815,-6.474084,-6.6763167,-4.8010664,6.161372,6.058247,-5.1777024,-6.496729,-8.326548
6.498252,6.3360777,5.9784,6.011454,5.9063845,6.2341647,6.0388236,6.189606,6.002572,-6.3710194,6.534355,6.039599,-1.8825408,-6.3846455,5.7618546,-1.7464631,6.7310805,-6.391931,-6.848479,6.1655865,6.056679,-6.009647,-6.45209,6.2541294,-5.505011,-6.257211,-6.106327,6.400204,-3.0023022,-4.860679
-6.1373386,5.729375,5.987691,-6.1333103,-6.070016,-4.385661,6.044921,-4.932704,-6.06645,-5.5237384,-6.5291157,-6.096756,-3.547527,-5.458308,6.10457,-6.7894106,5.955532,-6.509639,-6.473845,6.2054076,6.1779957,-6.0126767,-6.122894,-6.424105,-6.053116,-4.519467,6.363753,-4.1668262,-6.6762815,-5.356471
6.2634993,6.177453,5.988258,-6.1134887,6.0359845,6.2662606,6.037626,-7.116651,-6.1609898,-6.2667904,0.18266675,-6.1547894,6.1080894,-5.8832297,6.157192,-6.83549,-6.1247754,5.9554386,5.5221605,-6.093449,-6.1312437,6.276108,6.169619,-6.055852,6.454694,0.35927042,6.1917925,7.416684,-7.3843374,-5.678597
-5.5478134,-6.439424,5.997296,6.013822,-5.9616437,-5.8072424,5.9653077,6.486094,5.9769745,-4.70366,-6.174096,6.251143,-5.657492,-4.745655,5.944113,-3.7710407,5.9012146,-4.1902857,-6.8959084,-6.087212,6.269532,-6.7938833,-6.651635,-5.9849963,-4.0170093,-4.0066338,-6.009076,-6.74786,-6.476758,-4.422244
-6.333882,5.9893293,6.00245,-6.2236695,-5.7535157,-1.0461165,6.032925,-5.3886914,6.205208,-5.5333076,-5.9828,-5.308671,-5.2690573,-5.914265,-6.0429964,-6.3491387,-5.923664,-6.2816696,-3.6413026,6.205783,-6.3002424,-6.0388875,-1.2487049,-6.092435,-5.44395,-6.264409,-6.4632893,-4.6857657,-4.854162,-4.731563
-3.7526145,-6.11247,5.9841595,-6.332386,-5.8906302,-4.968855,6.018824,6.5950947,-5.9949493,-6.358409,-6.221103,5.89718,-5.517564,-4.3244815,6.217975,-6.3896184,-6.0859222,-5.4766755,-4.2117844,6.269557,5.9251747,-4.6532407,-5.3752494,5.964766,-6.484254,-6.2970557,6.082888,6.427147,-6.814723,-5.491352
-6.330795,-6.0742474,6.005962,5.614773,-6.1628637,-6.4276114,6.040108,-5.8294973,-5.7343955,-6.1533737,-3.817776,-3.4453375,-6.4768925,-6.117214,6.0396514,6.1628423,6.497098,-4.616009,-5.966051,5.9993644,-6.028599,-5.876361,-2.5168393,-3.5693219,6.425361,-6.4117928,-6.0760956,-5.866376,6.0988503,-4.7729807
-5.543067,-6.797611,5.9834585,6.038158,6.490979,-5.835063,6.020466,6.21449,-5.961195,0.4935156,6.553891,6.860003,7.0406194,-4.29627,-6.262317,-7.0313334,6.3802075,1.3301615,-2.9408808,-6.1182237,-6.1240616,-5.8827662,-4.9585366,0.33097494,6.7495117,-6.7499146,6.184724,6.36363,7.38826,-6.1848297
4.2635593,5.9081674,6.047679,5.916823,-6.191372,-0.4636063,6.0470448,-4.225367,6.4087143,-6.3622417,0.4333274,-6.043072,-6.36647,7.6638746,-6.167534,-7.110943,6.814467,-6.0558434,-6.9287257,-6.112894,-6.144372,0.017875688,0.061901763,0.88992316,7.0103116,3.128277,-6.1947784,-0.4665923,-6.515726,-6.319065
-5.643277,-6.3926773,6.0331016,5.780821,5.9902897,-4.450911,6.039812,-1.8213506,-7.731648,-6.2536564,-5.470482,-2.9629354,-6.225027,-6.2688503,6.2732077,-6.098815,-5.5080705,-6.460074,-5.7765,-6.2284427,-6.4820013,-6.201019,-4.231575,-4.7040544,-3.9089966,-6.0223083,-6.047672,-5.632146,-6.515806,-5.3725405
-6.3916078,-6.3049464,6.002383,-6.088403,-6.0552516,-0.41853976,6.0876164,0.2485099,-6.1351447,-7.126087,-5.570873,-5.5348964,-6.40728,6.572309,6.1881843,-6.453667,-6.161013,-6.2680044,-6.8800383,6.09782,6.461231,6.5399537,-6.280103,-5.5789223,-6.902166,-6.1175623,6.0592966,-5.340906,-6.887831,6.07357
-6.347691,-6.208605,5.992675,-6.0552993,5.9268365,-6.375777,5.987343,-4.6481204,-6.012983,-6.31988,-6.35455,-6.4288173,-4.3499885,-6.407859,6.277743,6.0486617,6.192785,-6.571281,-6.452161,-6.1173186,-5.9357634,-6.295079,-5.293787,-5.9443984,-6.120825,-6.2709765,6.136134,-5.000838,6.0228686,-6.3635564
5.9006205,5.9966216,6.0765853,7.081627,-6.22369,6.045375,6.0943584,-7.611813,-6.230227,6.0754833,-7.896233,8.006962,-6.5485983,-5.799598,-6.099529,-6.391372,6.2756147,6.6024585,-6.4693346,6.319403,-6.097156,6.0949554,-6.005346,6.3608108,4.4150314,-5.1877203,6.266112,-6.7389503,-6.7083554,0.17438729
-6.1071815,-6.923286,6.0353937,-6.4084134,6.1964264,-5.468446,6.0708394,-6.6506805,-6.0976424,-5.9336896,6.830251,-6.5791693,-5.9770427,-6.2253857,-5.9171114,-5.1213775,6.2367682,-6.506819,-3.2149236,-5.8329506,-6.015832,-6.447094,-6.3249645,-6.773114,-5.99334,-5.6208143,6.264343,-6.0002685,-4.093645,-5.820372
-6.261103,6.211605,5.9784775,-6.2825284,-6.072655,0.3493419,6.060518,6.79508,-6.1594195,-6.0511093,6.1428404,6.5645638,-6.3123636,6.209901,6.1316075,-6.474566,6.0963035,6.1462183,-6.2144003,-6.3370485,6.1507974,-6.2291846,-6.5713477,6.134693,6.21646,-6.0314436,-6.103968,6.19779,-6.740347,-6.358711
-4.4887857,-5.2030573,5.985827,-6.1109157,-5.707888,-4.97742,6.00612,-5.631236,6.0720773,-4.6208215,-5.1371036,-6.229957,-4.033781,-6.6988397,-5.883595,-5.8568025,-6.724422,-5.8623905,-5.1158457,-5.9029665,-5.985427,-5.433623,-4.0707707,-4.031957,-2.9723444,-6.424167,-5.9064384,-6.381848,-5.7921195,-5.686735
-5.255885,5.795463,6.0159764,6.360317,-6.302456,1.2121927,6.0738316,5.833723,5.9602447,-6.1253853,-6.5418587,6.6563582,0.05189451,-7.1992445,-6.0924406,0.8757497,-6.3899713,6.2261667,7.508344,-6.055074,-6.1789126,-5.9788327,-5.2879767,-6.554023,7.2846365,-7.051701,-6.1973076,6.229714,-6.370382,7.601281
-6.153348,-7.2908254,6.0316753,5.694974,-5.942014,-6.042513,6.063509,-1.7660115,-5.9869847,-6.590654,-1.6951097,-5.16459,-4.961193,-6.6188474,6.190746,-6.3336024,-6.1149683,-6.2617264,-6.4088907,6.235204,-6.1034055,-6.245896,-6.4639196,-5.954515,-6.419911,-5.1100287,-6.14036,-4.469646,-6.331226,-5.4473357
-6.416611,-6.37293,5.9844646,-5.913944,-5.931289,-6.517457,6.099119,-5.0168586,-5.7000804,-5.820379,-2.7134302,-6.0406966,-5.3317533,-6.3657465,-6.10617,-6.5600805,-7.226539,-4.393234,-5.155049,-5.9937744,6.0036426,-4.775822,-3.1068408,-6.241268,-4.720992,-5.492923,6.1208334,-6.157083,6.220466,-5.8696904
-6.200112,6.1322727,6.0047803,-6.125226,6.0535097,-6.233869,6.065946,6.1726856,-6.142326,6.184712,6.066084,-6.328659,-6.4416013,6.6178527,6.0219626,1.2205453,-6.1250715,-6.412149,-6.60935,6.231389,-6.086983,-6.3735456,6.3252416,6.2244534,-6.47768,-6.6682186,6.2795796,6.1705093,-6.4578705,6.7949734
6.3247333,-6.4458327,6.065328,-6.2385273,-6.130239,6.45639,5.9488,5.8829904,6.0008287,5.8703203,-6.3764443,6.283048,-6.5259714,-6.0497894,6.187564,6.863448,6.36099,6.099298,-6.4862185,-6.128078,6.2187686,6.0716243,-6.384392,-6.3345094,-6.5096164,6.208295,-6.11965,-0.004246966,-6.925719,6.2461333
-5.155614,5.7821994,6.001697,-5.5017653,-6.155481,-3.2432365,6.012271,-3.0277255,-5.9792643,-3.47468,-3.9264052,-3.753731,-4.6557884,-5.587469,6.1038046,-6.6155467,-6.05398,-5.560402,-4.7592993,6.0289626,6.196429,-6.2262955,-6.1740203,-4.397744,-6.357207,-4.5128636,-5.933898,-5.1316724,-6.264908,-4.7906165
-5.9976583,-6.8930717,6.0436335,-6.061391,6.66193,-6.081476,6.095556,-5.575283,-6.3587694,6.1271424,-6.7029805,2.136536,-6.4196973,6.168647,6.4707994,6.741967,6.1034822,6.790389,-6.390336,-6.151241,6.113484,6.896321,6.181304,-6.330031,-7.5380955,6.1761136,-6.1725273,6.9280653,-6.75501,6.224051
7.6283317,7.5265307,6.012579,6.047885,-6.1023183,-6.817799,5.9863153,0.91374195,-6.1072507,7.175256,7.0332513,-6.3054285,3.200866,0.3899841,-6.14386,-6.3070416,5.972152,-7.098386,1.2227441,6.3560905,-6.0097985,-6.3332586,-6.717417,1.2248565,6.2831,-6.029772,-6.121861,-5.6822686,1.0216753,-6.939016
-6.4486217,6.085348,6.065434,6.0498686,5.9564395,-5.9534116,6.036685,-1.0776354,-6.21769,-1.4955771,-6.342902,-5.8170342,-6.399681,-4.467075,6.553839,6.1134405,-6.0153513,-4.490316,-4.2618065,-5.933297,-6.577133,-5.7591715,-6.3680673,-6.6172004,-5.219473,-5.582425,7.081362,-6.433974,-5.694332,-3.8118956
6.8445034,-6.3812966,5.993199,-6.1941504,-6.037035,6.8058352,6.0194764,-7.384065,6.051011,-6.6616573,-6.08852,-6.4360704,-6.3417454,-7.781646,6.167049,-6.433649,-6.1177597,0.99658453,-6.326302,-6.0720625,-7.4134526,-6.3389564,-6.339139,-6.770711,-6.6073146,-6.4335303,-6.113789,7.684783,-6.6654525,6.5968723
6.1713476,-6.1609993,6.110449,-6.6475987,-6.4100547,6.205292,6.01311,-5.408932,-6.364805,6.3523507,-6.444968,-6.1528215,7.3063674,6.42579,-6.3260427,-7.009144,-6.105846,-6.6363277,6.606371,6.3996344,6.2489014,6.6097836,-6.233212,-0.29844385,-6.3787513,-0.22642829,-6.2639475,-0.36593828,7.6071014,-3.832465
-7.098206,6.710821,6.0080776,6.9134026,6.183378,6.087412,6.0571446,6.0671763,-6.2182117,6.0674953,6.948655,7.302543,-6.0000386,6.262717,-6.350287,6.7935987,-6.054569,5.860646,-6.3922977,-6.107184,-6.0512753,6.411222,-5.3349686,-7.1474013,-0.07225315,6.435753,6.105223,0.3967248,6.3764997,-6.220231
-6.555038,-6.2341375,6.0133276,-6.2586365,6.093299,-6.306833,6.0524726,-6.459927,6.2445354,-6.331263,-6.5916343,6.566916,6.5183086,6.2465787,6.57833,6.489414,6.2321925,-6.938398,6.388593,6.1160655,-6.058105,-6.769973,-6.7663417,6.371626,3.922046,6.3570366,6.2901964,0.016294757,7.5855803,-6.2303977
-7.3818364,7.491898,5.9931393,6.061119,-5.925601,6.003621,6.0159173,-5.817964,-6.574974,6.5746107,-1.352752,-6.0344877,-5.883792,-1.6627411,-5.8915143,-6.3423457,5.8737407,-6.384052,-1.9305642,6.4527435,-5.9584837,-6.0773606,-7.2422934,-6.0816007,-6.5310707,-6.3071394,-6.118736,-6.2149043,-5.730209,-3.2626839
-4.9985785,5.6926208,6.056153,-5.9821024,-6.2381806,1.7773769,6.0086193,6.524132,-6.246721,-4.7996693,6.084145,6.227416,7.21604,-6.3121724,-6.018457,1.4668249,-6.1190276,-6.8147836,-6.8998218,-6.0986733,6.616626,7.323502,-0.22227104,-6.0585885,6.434991,-6.727447,6.1571836,-7.010082,-6.411078,-6.4485207
-1.0378826,-6.118021,6.0345993,-5.6345644,5.907054,-6.3310304,6.002708,-4.5837636,-6.32339,-6.439714,-4.8752913,-4.376056,-1.1765993,5.992665,-5.5826235,-4.1030707,-5.8837,-6.0459437,-6.1149893,6.214576,-6.0828767,-2.9361136,-6.348141,-6.0642543,-5.464227,6.5329947,-6.0616403,-5.5296354,-3.883309,-6.4290423
-6.491738,-6.051716,6.071355,-6.194206,6.0766163,-6.302281,5.9964466,-5.3481894,-6.0970445,6.9970226,-0.63811624,-6.3261395,-6.9575443,6.007132,6.022229,6.2262115,6.1372156,-6.4434195,0.2895136,6.154329,-6.230775,-6.4105425,-6.517726,-6.670197,-6.536848,6.0420284,-6.210928,1.8797334,6.1654778,6.2701893
7.296346,-6.7127705,6.066107,6.182283,6.281161,6.001684,6.0090394,-6.7563977,-6.201645,6.7599406,-6.4286714,-6.512788,-6.4585524,6.6000767,6.9559627,-6.8667593,6.1656265,6.969079,7.1147723,-6.1133094,6.279603,-6.3231106,7.3049483,-6.557011,-6.412074,-6.5467463,6.1097517,-6.5577297,6.317865,-6.5517383
6.526333,6.3354034,6.071914,-6.0594745,-6.328438,-6.4943004,6.0405054,-6.402849,6.075529,-6.591391,2.085148,-6.385842,6.6248593,6.314337,6.531583,-7.513229,5.965528,-6.405934,-6.3201756,7.042301,-6.6012344,2.9062886,6.4829936,-5.996368,5.758931,6.2106156,-6.09296,-6.3761697,6.2921863,6.2175784
-5.5673976,5.9335957,6.0173807,6.4389544,6.2363124,0.46300694,6.0530424,-7.1390033,-6.5898786,-5.677403,-6.345601,-6.528351,1.6216851,-6.061324,6.140025,6.315133,6.2032146,7.6696634,6.883147,-6.3789005,7.006501,6.3104606,0.20537454,-6.294772,-6.766782,6.156088,-6.3290443,7.1272264,-6.168163,6.071115
6.6733284,6.457366,6.0673137,-5.6083155,5.936993,-6.7691603,6.0690484,-4.8670545,6.520981,-6.129671,-6.0903955,-4.177676,-5.872338,-4.176073,6.062621,-6.4128857,-6.1798763,-7.2031894,-4.536519,-6.13517,-6.043911,-7.216596,5.96553,-4.799557,-6.4292455,-5.4222007,6.0430264,-6.4303217,-6.035508,-5.6036344
-5.790099,5.9204497,6.0627,6.0265574,5.956392,-5.115746,6.0621986,6.091935,5.826716,-7.3471875,-6.151612,6.459788,-4.1401377,-6.225435,6.079272,6.1475353,6.150206,-4.362121,-6.485797,6.383066,6.164303,-5.0950236,-6.6972175,-6.1229415,-5.4011025,6.1547494,-6.097106,-6.40345,6.4926205,6.3828616
6.235997,6.3548255,5.996578,-5.955993,6.051033,6.1243787,5.9690204,-6.62999,-6.03337,-6.304426,-6.350015,-5.7512875,-6.063183,-5.525208,6.1001244,-6.0964026,-5.734705,-5.869878,-6.4808397,6.022221,-6.0999966,-6.499358,6.497635,-6.0391088,-4.0346212,-6.4271197,-6.1443944,-6.3165984,-6.223863,-5.9153786
-6.3492804,6.11873,5.983318,-6.38858,-6.0348997,6.2867723,6.032225,-6.8451166,6.0023594,-6.0912,6.8101416,6.890023,6.777739,-6.293745,-6.1496377,-6.370569,6.043641,6.2731028,6.6639876,6.350641,-6.1333613,-6.0244513,6.2055774,6.2399983,6.244276,-6.3459344,-6.1548915,-6.642439,1.7761391,-6.852726
-6.1892004,-6.011717,6.0349865,-6.0241046,6.182985,-5.715149,6.0358586,-6.3614635,-6.396999,-6.4446244,-6.489341,-6.272109,6.7365313,-6.332096,-6.2050476,-6.3819394,6.037399,6.4041376,-6.360003,-6.294181,-6.132519,7.066543,-0.43840286,6.751521,-6.789638,-6.045674,6.0357203,-6.353335,6.148546,5.4880137
-5.2069473,-5.9611306,6.061239,-5.5463195,6.2297945,-5.7960777,6.054149,-4.2454963,5.9411097,-6.5055156,-4.6639614,-4.5393867,-5.793487,-6.33283,-5.9055104,-5.272197,6.049631,-4.619397,-6.3585453,6.245717,6.203646,-5.5837345,-6.288665,-5.878561,-5.4201403,-6.2826724,-6.2247305,-3.5366256,-5.5716944,-6.3698974
-5.8566527,-5.9622607,6.037329,-5.959478,5.988588,-6.1494746,6.03199,-5.172129,6.0222945,-5.7865477,-5.555421,-5.895507,-4.762187,-5.9143476,6.1475325,-6.257424,6.27269,-6.4972706,-5.210267,6.236441,6.1363816,-6.0120144,-4.8087373,-6.6248903,-6.9694757,-4.9358974,-5.9522285,-6.448724,-6.3852606,-5.7041116
6.1652803,6.074042,5.9951367,-5.830693,-6.0768423,6.2270412,5.972543,-6.030544,6.357735,-6.5138516,-4.9581017,-5.3924236,-6.3991914,-6.227949,-6.1624784,-6.2321415,6.1712317,7.26256,-6.898799,-6.2913365,6.206959,-5.7907605,-6.2170253,-5.235149,-6.5207696,0.8319585,-6.244114,7.4111786,7.0717177,-6.410933
-4.512382,-5.2063985,5.9299006,-6.054819,-6.0657516,-4.274676,6.018225,6.228282,5.97128,-5.956387,6.23914,-6.250215,-6.385816,-6.6014066,-6.138071,6.2247863,-5.9463778,-6.4795685,-5.456247,6.0394816,-6.129897,-1.5848919,-6.4624343,6.193747,-6.460127,-5.9368205,-6.1580896,-6.674768,6.31049,-6.2833834
-7.0629196,-6.6298447,6.084455,6.199059,-6.0769053,6.1432843,6.0673776,-7.0023475,6.2309217,-7.575593,2.9963715,-5.2947206,7.160743,7.238183,-6.0722775,-6.4080667,-5.991257,2.2207353,-6.3803205,6.0894957,6.3641515,-6.5826902,7.667401,-6.1881723,0.5900778,-6.795402,-6.0948887,7.6408534,-6.4711986,6.074996
-6.0798726,-6.031013,6.0076594,5.931227,-6.106309,6.205926,5.9978023,-6.066425,6.0916924,-6.1090226,-1.5632783,-6.3865685,-6.1722884,-6.300029,-5.8091903,-4.7364244,-6.043539,-5.717671,-6.444959,-5.93016,6.1323323,-6.4240985,6.339278,-6.107237,-5.521623,-6.193238,-5.951126,-4.582131,-6.5338116,-5.896435
-6.055431,-5.990445,6.0197773,6.5023165,6.164982,-5.7430167,5.9805913,-5.8664165,-6.1019735,0.5278315,-7.5911717,8.080409,-6.865042,-1.8265152,6.18485,2.7343907,6.1297874,-6.573883,-6.435715,-6.1051574,-6.0901217,-6.414541,-6.3818984,6.305305,6.6852536,6.533447,6.078908,-6.3411856,-6.4566727,-6.0989842
-6.12345,6.145723,6.0375338,6.021503,6.220373,6.4423923,6.0916348,5.9243097,-6.1482224,-5.984846,6.0826974,6.1863985,-6.8620443,-5.4772453,6.0451455,-6.596099,-6.2098083,6.636816,-0.022073815,-6.3368464,-6.1255965,6.537306,6.3211055,-6.01096,0.53789073,-6.3864055,6.1556535,6.2007785,4.8098836,1.1202697
-1.0902199,-6.131996,6.0149527,6.1930447,-6.007,-6.122011,6.0139155,6.2804127,6.032709,-6.4325356,-6.4111743,-6.4986696,-6.2958617,-5.920228,6.290359,-6.5873995,6.239503,6.331121,-6.63437,-6.130139,-6.1879506,6.259556,-5.747664,-6.495997,-6.387244,-6.404244,6.126202,6.242254,-5.3590302,-6.58
-4.5734143,-5.8386707,6.0091467,6.1077256,6.253209,-6.178329,6.1087685,-6.3204436,6.126204,4.501032,-6.571545,4.9072275,7.333263,-6.168815,6.294908,3.925889,-6.0534697,6.4633684,3.9174402,6.3764124,6.7316394,6.3541613,-2.6735494,-6.3273396,3.1297596,-6.650659,6.156079,-6.4418006,-6.2580943,-6.2704115
-6.177935,-6.036839,6.0396557,6.0731773,-6.253615,-2.681307,6.0145597,-4.5061846,6.558101,-6.7939324,-5.7826333,-5.7046733,-4.0846114,-5.650814,7.395487,-3.9880276,6.120139,-6.271162,-6.3253884,-6.0080404,6.1382155,6.2177114,-5.491534,-5.02456,-5.235938,-5.533898,6.572622,-4.116169,-6.7022786,-6.909075
-6.6450343,-6.5030074,6.078145,-5.9760323,6.30448,6.6940665,6.064126,-6.9610815,5.9762435,6.831707,6.6625905,-6.469696,6.617311,-5.9936123,-5.7147865,0.11944288,-6.093495,5.959681,6.691138,6.0349755,-6.115924,6.0211368,-6.5686045,-6.453841,-6.4153066,-6.2251716,-6.1368675,8.262086,-4.8231335,-0.8365831
6.1191854,6.016003,6.0617127,-6.023497,-6.0935707,6.3032193,6.0684166,-6.4911313,-6.304378,-6.1135244,-6.387709,-6.2993383,-6.3474593,-5.416122,6.0976534,-6.323246,-5.9772863,-6.1515675,1.1017009,6.089651,-6.0767365,7.2581058,-6.060342,6.824689,2.4277587,-5.5702806,-6.165492,-6.6698523,6.2005653,1.0099499
-6.247587,-6.123659,6.0218587,-6.078495,-6.0295544,0.45326534,6.0160127,6.2354465,6.2175765,-6.8928504,-6.4810576,5.912793,-0.25589386,-6.2592397,-6.1441755,-6.359941,6.3101993,-6.2172284,-6.408294,-6.086542,6.324271,0.34748018,-6.461119,5.9059763,3.3462212,-6.495594,-6.1229863,-7.009374,-6.4608784,5.4371943
-4.4717717,-5.179919,5.9779253,6.0989575,-5.902186,-3.8194673,6.006717,6.137114,6.024357,-4.763368,6.4466114,-5.9851356,-6.2157702,-6.1168723,-6.144451,-5.9105024,5.8853717,-6.47189,-5.4823656,7.3945265,-5.9063835,-6.333289,-4.112987,6.39235,-6.4902387,-5.0299206,-5.9039083,-6.2337036,-5.750425,-5.8522964
-6.5548244,-6.31478,6.054181,6.1150217,-6.0489674,5.909038,6.049318,-6.251345,-5.9937763,5.7769628,-6.158728,6.1108227,-5.993791,-6.5598183,6.8890314,7.207991,-6.1949053,6.067925,6.889733,-6.0761323,6.0821505,6.183914,6.7590995,6.1429496,3.470457,6.7181883,-6.139383,4.238621,-6.49956,6.787524
-6.508028,6.1896467,6.0758314,-6.107015,-5.931007,-6.585541,6.048967,-6.2260594,-6.009165,-6.173533,-5.951558,-3.6450036,-5.511663,6.2791286,6.117407,6.118021,6.1517835,-5.143285,6.48952,6.2151675,5.9678926,-5.111275,-6.604952,-6.0679674,-6.262854,-6.842064,-6.081196,-5.9876933,6.282159,-6.7897377
-5.376893,-6.0763865,6.0234184,6.163032,6.082676,-4.5836997,5.9680476,-6.450176,6.308549,-5.276242,-5.4014444,-3.6918561,-6.290149,-5.2391005,-6.0397224,-6.3229413,6.1823215,-4.9252834,-5.2181196,6.689963,-6.0723095,-5.9417434,-4.168147,-6.2464075,-6.149737,-6.1540613,-6.073349,-6.473893,-4.11617,-3.0751376
6.3751044,-6.1986003,6.013334,5.953702,-6.158025,-6.675314,6.0814347,6.0412717,5.977381,-6.4836593,6.0356708,6.1157637,-6.6416106,4.27968,-6.2404575,2.1068003,-6.1907687,-4.5124784,-6.8619423,6.153289,-6.096362,0.39250332,-7.1206856,5.9318156,-6.4216585,-3.726374,6.282227,-6.4029784,-5.7147818,0.27071378
-4.36054,-6.5544653,6.028378,5.9123354,-6.4107,-4.706191,5.9921265,-1.1694828,-6.106891,6.3186355,-5.559849,-1.6219172,-5.1452827,6.8029537,-6.19975,-4.2605286,-6.166359,6.2108707,-7.221415,6.4278207,-7.5254683,6.3081713,-6.948863,-1.3488222,-3.4246206,6.1928988,6.2577868,-5.0163326,-5.1423354,-6.0938745
6.0203624,6.0379105,5.976947,-5.8708706,-6.4452,6.0796776,6.007683,5.7526736,-6.0809894,-6.263103,6.0673113,6.152863,-6.6345043,-6.397703,-6.537748,-6.4377365,6.0802646,-6.5079618,-6.833331,-6.115326,-6.149451,-7.1103406,6.051572,-5.3705287,-6.7461023,6.4731307,-6.1163363,6.2383485,6.894607,-6.4942827
-1.2772228,-6.4137807,6.010773,-6.148577,-7.0527897,-6.193916,5.97225,-5.0961843,6.159377,-6.4485655,-5.337326,-4.143786,-3.648023,-4.651958,-6.1258707,-4.9667315,-5.9670134,-6.172738,-6.0206795,5.9420223,5.99293,-6.464181,-4.980103,-6.32044,-6.1948843,-3.9935288,-6.121079,-6.3253245,-6.0966196,-5.526502
-6.198774,6.208804,6.049319,6.3529983,-6.019874,6.3253937,6.0791545,-6.081423,5.951223,6.368485,-5.703904,-5.768588,-5.69015,-5.5551515,-6.0034814,-5.5531425,-5.9647236,-3.79357,-2.932037,-6.4153156,6.42791,-6.8313694,6.25907,-6.387541,-4.627038,-6.047673,5.9392133,-3.4877284,-6.3379707,-6.213868
-1.323666,-6.111729,5.9442873,-6.0634108,-6.09205,-5.7591105,6.040684,-6.1594815,6.22568,-5.9693527,-5.2494326,-6.5651727,-6.4928155,-6.0620837,6.1986756,-6.391202,-6.1040797,-4.6746416,-6.1727896,-6.064368,-6.179109,-5.564776,-5.365933,-6.2958727,-6.3365984,-6.13936,6.1820407,-5.8760896,-6.4826283,-6.4032927
-6.003919,5.969548,6.021193,6.028065,6.435858,5.973945,6.016335,6.0739183,5.9782476,-6.0245543,6.3612676,-6.0881996,6.6957293,-5.904297,6.316498,5.9709053,6.2746754,0.934256,1.3470609,6.210923,-6.0496006,6.633799,6.207069,6.0224004,6.572745,-5.615093,6.1177096,-6.360303,-6.7397423,0.68771166
-6.025995,5.994594,6.065736,6.0192823,6.129576,5.983116,6.060451,6.087778,-6.0593686,6.155796,6.589717,6.277623,-6.348032,6.330025,-6.368986,7.133076,-6.1325636,0.70184934,-6.292478,6.380788,6.2167296,-5.9933662,5.923886,6.198898,6.9523954,-6.5264287,6.236449,-6.928306,-6.212553,-6.652872
-6.031283,-6.427709,6.0304937,5.975765,-5.9924736,-4.2574644,5.9849577,-4.883737,-5.5714254,-5.2655573,-5.466725,-6.6721735,-6.5840178,-3.8319879,6.067828,6.384723,6.002169,-4.0485296,-4.2725096,-5.904543,-5.946229,-3.889629,-7.256656,-3.8941052,-6.342857,-4.238445,-6.400849,-6.2812448,6.2260613,-4.9245343
-6.77924,6.287277,5.995454,-6.0775404,6.377929,-6.5001245,6.0092845,6.165334,6.4054923,-6.510689,-6.0911913,4.595843,0.0048090154,-6.632224,6.5150213,7.297882,6.3907366,-7.105888,-6.512652,6.5308847,-6.1760645,-6.7820263,-6.9098454,0.034126595,-6.3781085,6.383822,-6.22595,6.3205276,-7.3592334,6.7915154
6.8171887,-6.5740333,6.070986,6.1424413,6.2307405,7.015179,6.0466113,6.220667,6.441555,6.0528126,-6.3418646,-6.243443,-6.622583,6.975747,-6.0353365,-6.437549,-6.173301,-6.521446,-6.7825136,6.400936,-6.038752,6.815323,-6.8456974,6.3175635,-6.422125,6.088334,6.2336736,7.073035,-6.937896,-7.3036113
-5.96379,6.205844,6.0175653,-6.0720057,-6.026935,-6.273303,6.0661526,6.119018,-6.1848373,-5.990875,6.1809816,6.2756143,-5.6866665,-6.106764,-5.7293196,-5.158881,-5.4105225,-4.507864,-5.1614776,6.442655,-5.877637,-5.6359973,-6.3468657,6.0663137,-3.9498234,6.191544,-6.158573,-5.989861,-4.3096957,6.4848585
-5.363113,5.8327026,6.020755,6.139696,6.087929,-0.29249632,6.058849,6.307657,-6.533955,-6.3537097,-6.1165457,6.065548,-6.359669,6.382091,-6.8070426,-6.42375,-6.005303,7.483848,6.5765214,6.22141,-6.0878468,-6.649592,-6.3953857,-6.2000127,-6.3734026,-6.68572,6.2189584,6.8206224,-6.5058694,-6.348071
6.447041,-6.340564,6.0373893,-6.6855493,6.1277347,-6.5342326,6.002642,-8.210841,6.061291,-6.4528112,-7.949213,-8.153231,-6.2238507,-6.399678,-6.1356025,-6.9247546,6.1503553,1.5452864,6.6154213,6.27637,6.201556,-6.180031,6.7032366,7.0573053,6.3223925,-5.8543,-6.3474517,-6.778096,-7.0042877,-0.10159155
-5.744691,5.791435,6.037536,-6.0284767,-6.099016,-5.746526,6.0728235,-6.036309,5.9841385,-6.85035,-4.798087,-6.096312,-6.4604897,-5.500308,-6.058104,-4.4919643,6.4439282,-3.992364,-6.528522,6.0266156,-6.1970644,-5.8997912,-3.8248923,-6.291869,-6.198306,-5.3238964,6.261339,-5.865631,-6.189426,-5.1667
-6.4328766,-6.1659875,6.050377,6.5916443,6.1741576,-5.5317163,5.953034,-6.3777966,-6.097337,-4.97521,-6.460802,-6.647005,-6.487158,-6.537546,-6.0027084,6.161352,6.224888,-6.8041744,-6.4429235,6.06006,-6.118379,-6.5613465,0.9879286,-6.3014293,0.30496845,6.4957557,6.335942,6.5437737,-6.5156384,-6.5415335
6.149942,-6.0751987,5.963098,-6.1484036,-6.2319994,6.2900558,6.0496516,-7.506128,6.11503,-6.366415,-6.2720776,-6.3473864,6.64568,6.1563244,6.0952396,-6.42395,-6.511487,-6.3838677,-6.4718337,-6.116426,-6.0469604,-6.3274803,6.3406715,-6.711111,7.1287413,6.145346,-6.142658,7.372466,0.4804733,5.974246
-6.332889,6.169137,6.003067,6.2837896,6.3784313,-6.32776,6.096356,6.333901,-5.694951,-5.7977715,-6.5356135,5.8396125,-6.6994133,-4.3949175,6.038362,-5.749741,6.330465,-5.5383754,-6.4476624,-6.017868,6.3992734,-4.5666547,-6.1325064,-6.4258623,-4.7083073,-6.465733,6.1277995,6.5481186,-6.456356,-6.3768106
6.1855235,6.0836053,6.018569,-6.180615,5.878031,6.1698833,5.995775,-6.1333313,-6.136522,-6.3585734,-5.971556,-6.2195125,-6.43951,-6.4882097,6.278857,-6.4089704,6.0922036,-2.6004303,-6.2953734,6.4216943,-6.030328,-6.543544,-6.172919,-4.768393,-5.781617,-6.2514315,-6.465098,-2.8077772,-6.3301673,-6.346306
-6.284902,-6.2267556,6.004208,-6.109949,6.4916472,6.696031,6.1350675,-6.133495,-6.152473,-6.3104978,-5.784567,-5.141622,6.964479,6.146277,-6.0782986,1.7275031,5.9733253,-6.061252,-6.17728,-6.08675,-6.0688415,6.9525843,6.6160927,4.502964,6.30843,-5.071094,6.705321,6.8131638,-6.3749247,-6.4994164
-4.893412,-6.375367,6.006386,-6.1105785,-6.1801853,2.0231607,6.0114813,-6.041866,6.344723,-5.223003,-6.4144335,2.506814,-6.8368373,-4.9436436,6.1538243,-6.3251586,-6.0740805,-6.5215344,-0.113561474,-6.185179,-6.101514,6.695417,-6.766971,-6.464673,-6.9289494,0.5964881,-6.1705723,-7.6187406,-6.3924904,-6.191584
